0,-0.6454272878786419,-0.03234917944998883,-0.21790792811136228,0.0002054730755616744,-0.00023301473718818878,0.0003170640149818501,0.7076350751839037,0.5144298635497507,0.3537012819205081,0.33092282941109574,-0.00028598290766769724,0.0008212383090914137,0.0011987964246540279
1,0.054897492626205135,0.48194602401617237,-1.4167041539319585,0.0009345384737612071,-0.0004164358061492457,-0.0004644341119168416,0.7916267892751937,0.5893870657667297,0.12507259953039263,0.10152220474084785,0.0006187988374088157,0.001034386407275877,-0.0010700551107422794
2,-0.2906906183008853,0.7576170384156136,1.184886671894164,0.00015950612265558948,-0.00011729837819942528,4.0167473582584413e-05,0.10873647856313469,0.4209332299565957,0.6385799921341171,0.6349859744860413,0.0004389446355047462,-0.001953575789348835,-0.0005463880161821928
3,0.18534513229007699,1.0758584656476762,1.415301723677152,0.0008151499956966471,0.0005208376190909665,0.0003185524249011669,0.3854974915944657,0.4618059046723286,0.7889699188897389,0.12511377810323557,-0.0013169212047012624,0.0004068370442356587,0.0002931089370838938
4,0.9863233414862149,-0.1758908694312824,-1.4166777643248052,0.00022688552231878351,-0.0003249700052009672,-0.00033977074714535284,0.2339971293059564,0.615149464820195,0.7200018753840133,0.22007675672706287,-0.0008892456769478345,-0.0015204003951961198,0.001004326337559374
5,-1.2503787367759478,0.003404321099337526,0.751516473513588,-0.0004626870798413587,0.00013548214449518006,0.0009728367089812898,0.027106251503114735,0.5725822406152714,0.7242611062042181,0.38322405835397083,0.0013374313597917854,-0.0011592294783145287,0.0013362628516417432
6,0.2024681004884894,-0.01885910877503716,0.7527574211240102,0.0005421305971708811,6.618700022508503e-05,-5.223189057206902e-06,0.2819480252134967,0.643241980445745,0.7098728237278644,0.05315674748396106,0.00021229952809082237,-0.001909843203860238,-0.0011601095573574543
7,0.3916242412937838,-0.049412586431001326,-1.1907686396324015,0.0007082505962902985,0.0008906634818872646,0.0008115536837089534,0.11374596163576811,0.6361573120910352,0.6955311469689122,0.31400979933876766,0.0008515176653376344,0.001796826441525002,-0.0012453761639406866
8,-1.34357186322673,0.8930818854065721,0.49453843135589315,0.0004961741084365712,0.0006114315780559115,7.093652875352486e-05,0.04542435965168553,0.7302720546469471,0.315602097994098,0.6041809906755462,0.001861739033629553,0.0013366748505055132,0.0013419447797522808
9,-0.11355327129974824,0.6275720647059133,-1.3824659909185004,0.0005935579157670459,-0.0001727526571363838,0.0009010693296846713,0.7258026483477154,0.2672755219526891,0.47138814277278807,0.42375409127179137,0.001777504622101821,8.987496680706733e-05,-0.0007006346674607511
10,0.6491409791766429,0.7492994701956546,0.26686106224306005,-0.0005042046704929548,-0.0006396739541812771,-0.0005631946288736334,0.12352762429118468,0.6987970861368299,0.09486498110338092,0.6981577141333519,-0.0008267344013469806,-0.0007366444937234268,0.0017020208096924653
11,-0.8490833727479888,-0.5384272623777053,0.3342962691732718,0.000589642556361903,-0.0006016710656196024,0.00019721329383286658,0.03450484639406739,0.7130592961364246,0.5420943964546244,0.44327138538512156,-0.0012510184929489046,-0.0009187282836762493,0.001457726407447554
12,-0.5006651354702336,-0.4346604679401702,-0.9461710508166719,0.0007791072121889444,-0.0007615854955498203,1.9767692555370652e-05,0.026549644267499364,0.6203219864523064,0.6298244042657076,0.4667086556991207,-7.816312093196541e-05,0.0010804011688710946,0.0010614649097861208
13,-0.2861856631081072,-0.555932668947871,0.24645098486529493,0.0004950676854763979,-0.0009517679703925939,-0.0008481227826385463,0.29775684494915555,0.6820773014397832,0.23237154005748717,0.6261907724630404,-0.0010393043420707099,0.001576734063162573,-0.001674155586440277
14,0.2483306314659206,0.6309577581238002,1.002621226114444,0.00031622454922247906,-0.0008519412939995357,0.00020386561767864382,0.4077812741769776,0.23255872572941158,0.22808713195769062,0.8529989048955621,-2.2276051856600938e-05,0.0007345692514978083,-0.0005564505897915821
15,-0.03899058388120835,1.0466606377336292,-1.3334812177084654,0.0007833281068134995,-0.0009617832119216303,-0.0005250248907534946,0.44566963698323425,0.46384578250235203,0.309496021862249,0.700312699568882,-0.0005187880352377347,0.00115831249885441,0.001167445334701108
16,-1.439087100279756,-1.4334233618318144,0.9556684794708024,-0.0002800130546007411,8.97030538255109e-05,-0.00016691069293696729,0.8864527753720269,0.3802828103657763,0.2619138569801586,0.03142598761080952,-0.0018966354539017875,0.0006231566603410272,0.0007180581045233428
17,1.0481443070332013,0.700909469827824,0.9379883388992694,-0.0002639518895127744,0.0005839465039742769,-0.00010821570314170257,0.5426965438959347,0.6571568517967474,0.2549777276646565,0.45674028919612963,0.0005792710176982198,-0.001788089317482788,-0.0017001106481644756
18,0.5137556619217705,1.1805794860323982,0.17140003975865659,-0.00026280162683799384,-0.00013326321103655455,0.0006245870875929039,0.7639548824296618,0.5744547095034795,0.07597181703370269,0.2839066877651038,0.0013036346870031602,-0.0017671834380619993,-0.0005484451976651204
19,1.0254193031110281,-0.23573959553399693,-1.2561845051822267,0.0008945238951556134,0.0008618724032964976,0.0007961762430963601,0.45254453978239556,0.5764756834474367,0.4042729000257704,0.5472135307279087,0.0008003361856281088,0.0010925182461641735,-0.0019640822567601607
20,-0.08451384954057506,-0.9288416846059993,0.6441175009044509,0.0006880985843077238,6.694466894296958e-05,0.0008053500692265312,0.28736547050062694,0.6771639708646081,0.5941155308053373,0.32541785289489233,0.0003730330307895732,-0.0016167352116241555,0.0017931933380075887
21,0.1342887865264788,-0.8565996568527506,-0.36349429255623766,-0.0007926311212584562,0.00018036578227631646,-0.0008899123335390364,0.22102323683031327,0.5007461772987174,0.7080492166038224,0.44617070899879346,-0.0013297239105992827,-0.0018680517425324465,-0.0006063681373588449
22,1.3021137588176366,0.3722805705725487,0.2453262327896386,-0.00023795724783566173,-0.00039447125395933953,0.0005763045288057608,0.5752259673988184,0.10600654893808303,0.310989931273954,0.7491081101273386,-0.0019347868788345739,0.00047544370665915945,0.0017580292948755514
23,-0.2043956812024046,1.1269744774537518,-1.0832831208873288,0.00044130888680768876,0.0006067723184072253,0.0009353185375371807,0.6355145091222024,0.7300806229408371,0.023173247772689975,0.25013315111986056,-0.0018569079204327679,0.00026062833011569536,-0.001591498492281953
24,0.38216965566912675,1.2709314675061192,-0.9122713022373039,0.0007590048148290551,-0.00019046562652344035,0.0008926254525687119,0.11233330492237979,0.5170786280536303,0.7650280677376038,0.3670735302212068,-0.00017738671139059387,-0.0012761798668384778,0.0006060086782535669
25,-1.356639168780037,-0.5007781886363609,0.02426335835186988,-0.000589519708836589,0.0009413936534777049,0.0004913867395378636,0.5952811101230258,0.05257209365649572,0.5353975384310864,0.5968467564971799,-0.0007458050770302411,0.0015294249304648676,-0.0017204246823168377
26,0.8938608775344936,0.6751351652590749,0.5956052680407136,-0.0006230371550960778,0.00022775776665261713,0.00010023716835317405,0.5077456688985081,0.30243154400444744,0.747427816142309,0.30344877090314815,0.0018986149265310336,0.0010094449896919195,-0.0013037989726695167
27,-1.0087757552742804,0.4432977307398862,-0.05006838483186904,3.882770379058523e-05,-0.0004874380104593638,0.0006671521822603889,0.39209756262903883,0.4146484305370551,0.5701475018926747,0.5909805466502822,0.0016381382344629377,0.0015915114509369227,0.0006043483894860959
28,-0.3768433558559232,-0.24317104993659422,-0.27236308601023573,-0.00019657485269412758,0.0006898971491492336,0.0005019999859758341,0.6891356185130187,0.5658909420587573,0.4039049124884374,0.2042556306696074,0.0011794672700168964,0.000579361403893038,-0.0012860204437180269
29,0.030537753568879555,0.9016710393976481,0.8613820188416526,0.00037321159948568204,0.0008822886630252195,-0.0006845603703742693,0.5028502646822983,0.8126083354030014,0.08094909250937,0.28329586824451747,0.0005528405167943731,-0.0009169020781398607,0.0016899051839963895
30,0.31614638179787047,1.389452592896077,-1.4858315786266414,-0.0006197950916351789,-0.0008368541302363894,0.0008424563633803019,0.729091807784425,0.5326348153444056,0.14467488917742197,0.4047152897360941,-6.744971737539089e-05,0.001390555796196505,-0.00041151958670415873
31,0.4222078202105921,0.40220558903241255,-0.6311075882749125,-0.0007751892311793529,-0.00011944089233824134,-0.0005960419599224885,0.34106334334056554,0.5930161379119949,0.2858070818824626,0.6710603310814377,-0.0007288995852607477,-0.001977161235589905,0.0011891762680567822
32,-0.7024627165450822,-0.7945626620316932,0.17742399246399798,0.00043175713893425414,-1.6033418955792517e-05,-0.00022963391180904561,0.9128216969622683,0.3050032621545269,0.20079781290516707,0.1827834728921711,0.0009247763546966158,-0.00040975365074497777,-0.00034512624462199417
33,-1.3899995360567852,-0.26957701744580653,-1.4979946726838373,-0.0007546799336602408,-0.0005047917651715701,-0.0003241436832146047,0.32564574030802074,0.8138685829911612,0.4411344712968736,0.19228405985111793,-0.0009351681694404334,-0.0005169546389625431,0.0018071866387267045
34,-0.36188641742719385,1.4547202987756278,0.33022789191534807,-0.0009033910072631642,3.7477002744874376e-05,-0.0005869346814458192,0.12156930226935818,0.5086659102267332,0.6346444039279339,0.5689519989260147,0.0016141206234885903,0.001105915905579602,0.0019442618572589228
35,-0.010169228128832364,-1.117097301635234,-0.06613165865727044,0.0009517098727672524,0.0007720820147659889,7.338159761772784e-06,0.5373759654864835,0.5401945344880146,0.18695751512451605,0.6200514689646444,-0.0007400304330815461,0.0008800170553665103,-0.00015064253032096172
36,-1.317941055128858,1.2088279706346792,0.42235498472622934,-0.0003856958669196778,0.00026235064546199175,-0.0009723045997619313,0.569631086161841,0.14919421426441357,0.7209195713463794,0.3654264409670682,-0.0018995979312116812,0.0009609816184673356,-0.000599998931999174
37,1.1483011332979745,-1.1394586433125697,-0.24601729057375854,0.0009618794652654548,0.00019889441121156873,-0.0005521949325570408,0.3088010305334671,0.22465876055003733,0.427745267692094,0.8192706212336731,0.0011550112950966776,0.0015736810620242884,-0.00032234208596395686
38,-0.9786709597473006,0.3120118994696397,-0.7072670220498017,0.00023319927893441323,-0.0008097336327196414,-0.0005446118234855306,0.48918762615687916,0.2742152128980252,0.17781104611007045,0.8086313840752971,0.0016059379418266045,0.001578438833501796,-0.0016962747278330675
39,0.5760525972898556,0.8950731864738275,-1.0562665456632994,-5.0840179243905764e-05,-0.00041540369642397443,0.0009040612723252861,0.49927685346692524,0.5004233796838125,0.013633297774629755,0.7071868196239135,-0.0007007157622822223,-0.0016886787269332938,0.0016529131616138696
40,0.36306337177859316,-0.9962952855771321,0.23746301988357787,0.000488802349184244,0.00027636152172418526,0.0006534813585258765,0.46605472659028396,0.06658114912527274,0.6256100523989833,0.6220707393386666,8.653969061965267e-05,0.0008600959886974628,-0.0009758666764405008
41,-0.739133329665125,-1.1163021199227843,-1.1642726929315637,-0.0008054544618090163,-0.0009343747017079418,-1.3595564245661622e-05,0.6176217234798121,0.1287812356772216,0.7520372130177342,0.19078477470645658,0.0015686152392163184,8.21304789301331e-05,-0.0016995853633464497
42,0.03438565583741715,0.4416714413569769,0.25953101367079423,0.00047041952280588834,-0.0006353221641365102,-0.0007512318875235388,0.25223033762975816,0.09226098304258934,0.5198277173753584,0.8109543217934767,-0.000493681656230387,-0.0007591190832179065,-0.0006888673178221784
43,1.1338872060466394,-1.2697527719655213,1.002280885075466,-0.0006415871864045644,-0.000812461255310661,0.0007482396950298175,0.8868644019053474,0.3590188321181453,0.04427680486489558,0.2874309923591217,-0.0010112606308741192,8.851036812340804e-05,0.0010736290300858353
44,1.3710438516115393,-0.7740565726915817,-0.9531078817646872,0.0006550141674241746,-0.0002968236886090579,0.0007053530250890113,0.6722543433867614,0.49243988015294815,0.502767230499164,0.22978723674039145,0.0014922157796591262,-0.00046480109104643703,-0.0012010254743458019
45,0.7528899852966919,-0.28202470287019565,1.3648853175419444,0.0007090915645105347,-0.0002472623280308135,-0.0006787569345402025,0.43077554146406866,0.5332524583863237,0.35171173437589437,0.6374740029237121,0.00031328628885863305,-0.0012956201455210773,-0.0009971022384272015
46,-1.2798818282925195,0.02887320465611376,1.117426390423208,0.00022165780134789635,0.0009119903905579158,0.0007351100545701455,0.5826038209723039,0.26170799388471094,0.4580429817381982,0.6182866168741586,-0.0016567148678473802,0.0013536466164810138,-0.00039421322730257566
47,1.2283836715951129,-0.04795583933765357,0.40836221092450486,-0.0004449013009401122,0.0002472389254307133,0.00020062638363235567,0.5199309265814505,0.5300293552646554,0.4974777521686418,0.4486163174017673,0.000584235997053404,-0.0001072506781796094,-0.00024297493932188543
48,0.5465882613222104,-0.7962320836584259,1.1389535178656387,-0.0008228266714018326,9.504623463477244e-05,-0.0005247700022332779,0.44859171774765727,0.3404379984943086,0.8218176365419025,0.0865055617753961,-0.0002878899251141389,-0.0008335771683448173,0.001099140868594574
49,-1.3681694505374182,-0.8893556143550602,0.05347954169414049,0.00017660049040417848,-0.0006344087725522456,-0.00047129263557548384,0.7982840190928111,0.1560042583795581,0.3569957450002903,0.4593030963102253,-0.001345744926673198,0.00012865976853663683,-0.0007055581061605144
50,1.3191816949301658,0.003202984627115324,-1.3383273166990832,0.0005421226973160334,0.0007825590648528199,-0.000992670675767705,0.5963158090784749,0.6102673677326963,0.27719251818949536,0.4417527629607494,0.001868386078219218,-0.00014388643974792403,0.00012622709466919135
51,-1.0025671669609573,-0.11142920274831059,-0.56881617570513,-0.0006227770006240379,-0.0009802794641075431,-0.0006686600699464098,0.44533546247441336,0.6166719465900825,0.10537610134391098,0.6405372068951629,-0.0014155512043547702,-0.0011228746946841347,0.0004859595527875629
52,-1.4468002618110978,0.6386919285013466,-0.21198193382000952,-0.00019607868778345088,-0.0006840597493550813,-0.00022071840815428658,0.8199069692855374,0.24421765943085497,0.16979777182161146,0.48916154103070686,0.0006314165403439372,0.0006782543415996714,0.0002354098450307175
53,-0.6275897174024457,1.493789638294349,-0.2988435854665834,0.00014282813847991288,0.00012570510592835836,0.0006766089706680149,0.6082221348400747,0.007086840881022806,0.5491595950377931,0.5730962838431568,0.0003153328033502884,-0.0005922042967306301,-0.0012198234155383321
54,-1.0712214376061002,1.496350204886029,0.6878107326925615,-0.00010925236690220404,-0.0009271929144880908,-0.0005502776168870471,0.995897650969073,0.040628560175026425,0.0557490798294796,0.0585596191120906,-0.0015869055964432529,0.0013411558507126116,-0.0014576514477581486
55,-1.2484158389732443,0.6949928429995316,-0.07076098172190903,0.000842512848929851,-0.000621904480903324,-0.0008343521296288452,0.7212267285876535,0.31182123457076943,0.3450324877597295,0.5133732618980508,-0.001790333718012036,0.0017854713596056806,-0.0011865959802846416
56,0.07474188171132434,0.4459052586103649,1.166050362458976,-0.0005469802562573969,-0.00039501147684244424,0.000658141330672022,0.7092873728941166,0.19897544194041358,0.4422136379278591,0.5116319913650706,0.00014034901212659455,-0.0008331299989722712,0.0013399835838228229
57,-0.23980805631487745,0.7898053736835711,-0.45932612667807105,0.000600839352860692,0.000949426160992169,-0.00015734495219367256,0.2540913814448655,0.149978924824576,0.9467720062608416,0.12871153850655795,0.0011335733358666376,-0.0007316823614519153,-0.0018765617755679709
58,-0.7851780060355794,-1.0572703222982127,-0.2775170952565098,0.0003138616287792595,0.00012315560875685483,0.00018871791623413362,0.0519527721156086,0.5013154513126777,0.33435408339334877,0.7963611458772103,0.000900826143930574,0.0008367993701064369,-1.4180552789947419e-05
59,1.2342887152349071,-1.1372142478170422,0.9618965529884198,0.0003816135875377986,-0.0008680308311716312,0.000936105015169212,0.6720878762304114,0.07972036611851807,0.6327993880278325,0.3761748055912639,-0.0009537101353495846,0.00020886456778268503,0.000695211170081372
60,-0.5892543910778784,0.812749636963022,-0.5744921770582626,0.0005709510688903809,0.00032370819206600223,0.00011221635897896423,0.8708534442201445,0.4417212165852622,0.06234049910851615,0.2064226433297681,-0.0011816818751207326,0.0012076451794800097,0.000343275834965448
61,0.9354941184054315,-0.16021688421102698,-1.1530857610564307,-8.710234056745654e-06,-0.00043103145641378764,-0.0001634837020240196,0.739467592250471,0.2154502018973534,0.6079596395895225,0.1927536436590982,-0.0001365875887734589,0.00037273737698375817,0.0009459325030103894
62,-0.055640416789851876,-0.3949884718743566,0.2714387890094412,-0.0001925000820188434,-0.000309778013649803,-0.0006415680089906461,0.414075142735765,0.7187011210141704,0.4931050528227871,0.26240785373530073,-0.0019703440937835805,0.0003016075880594633,-0.0002768742257369557
63,1.3794583103516933,-0.28344714300953355,-0.15989937167792645,-0.0009927037056629477,-0.0004570618232779828,-0.00028717188892194725,0.13252514731344084,0.9781224236870106,0.005423135581934842,0.16026290653379105,0.00028648339045004483,0.0015708378109905935,-0.0008687023653555484
64,1.4677306339507652,-0.7469726167151943,0.8595631984184822,-0.0005645237524288323,-0.0005222642660170582,3.334867257377477e-06,0.06346186296949308,0.7480849243986158,0.6598954304409808,0.02965735522718357,-0.0009002950897263201,0.0002276194498228158,-0.00011947286228960107
65,-0.6441886062725521,0.009984777695484004,1.2458211326210709,-5.3876229218121166e-05,0.00033156732034857,0.00044412264820535867,0.6151886121048322,0.626073849805967,0.4606319608618234,0.1318813965586407,0.0011240289069827836,-0.0014470930443662212,-0.0004963808397216093
66,0.26056721491766766,-1.0919948524731329,-0.2900063252990388,0.0005349061156952294,-0.0005348437271167617,-0.0003809533692231104,0.3764705372432591,0.35027479911758214,0.20202927030878615,0.8335236491122545,9.697345874515578e-05,0.0010375250676215352,0.0014615126151099828
67,0.4289399153562421,0.07754037724978313,1.132850242662741,0.000648300255576503,0.0005487559818185034,-0.0003762054006751592,0.27519971114729014,0.6609404237573695,0.023198014537892338,0.6977712571820199,0.001328874711225041,-0.0005603803441938191,0.0015104579124183082
68,-0.8299268543787749,0.7034550770441546,0.8008601377312874,-0.00028969738051511,-1.4457843695243715e-05,0.0004254945225972569,0.6728043683961038,0.06540287815622717,0.10971094943040262,0.7287113646506972,-0.001424989607175701,0.000747642459903121,0.001151032763292361
69,1.192281162396252,-1.0886890954447521,-0.5280756869590406,0.0002775772472003114,0.00020838101819888825,-0.0003955106866967992,0.06321091873527815,0.6817244934537172,0.7272844290040579,0.04809837945457115,-0.00142730385275241,-0.0002675066411315084,-0.0018329555457412394
70,-0.48540503473087404,0.38540134846266927,0.10000625236539795,0.00025290160716979365,0.0003518943711765625,0.00010547966878098622,0.7607702965452684,0.11420345737409036,0.5022469870765989,0.39488490752459443,-0.0010603929486863275,-1.1956630413353497e-05,0.0005775721519814207
71,0.40179357993258824,0.5322959410145054,-0.048743410268766496,-0.0007331315309894444,-0.0006676493632076055,-0.0005700305064181132,0.5421526070044667,0.7247912970341108,0.2411520726239251,0.35013398054324446,0.0009529766966249243,-0.0015687918961092514,-0.000747174305623847
72,-0.5631876808944869,1.195535207922667,-0.6425441932426289,0.0003624624307153844,-0.00015377052840968505,0.000828546177991661,0.38181188034410213,0.6064230778506193,0.3191520526374366,0.620171513353841,0.0003396361316726866,0.0004895409283000043,0.0011262270156108325
73,1.3366525977158519,0.9473405742148171,0.672066223215301,0.00010115009573915981,-0.0007634001445490904,-0.00019464587641424718,0.6038320877098069,0.16683599731407606,0.3965770365680325,0.6710284747454098,-0.0015386183131830817,-0.0010018027302901049,0.0009774806731281736
74,0.30063448416869454,0.9884549012158317,-1.43369800997427,7.00511089797675e-05,-0.00031454984772209045,-0.0005386732392828678,0.7526367451732867,0.4143470668493911,0.35995585730250895,0.3637117248617139,0.00041250091573885985,0.0005995239257696313,-0.00020952839899038224
75,0.7807509706060687,0.9755855370663715,-1.3498949554612558,-0.00030047027321677207,0.000191228528755415,0.0005778171407345922,0.42546452280625835,0.8971009387642833,0.061349835693210356,0.1021079975413312,0.001237491047086898,-0.0014335689838626473,-0.00012028414655147171
76,0.03691206371142175,0.9248888585192696,-0.35568019369922865,-0.0007491258609930594,0.0003986401901406556,7.070233463295325e-05,0.5035085302272763,0.4626523290529931,0.38929977746782096,0.6171528705869512,-0.0008668904212142303,-0.0005653180660983698,-0.0017522011848915612
77,-1.1632310633936085,0.6924474582142932,-1.1895179078995701,0.0009067214360409868,0.0009564515222078396,-0.0005470141678581451,0.5854795562548945,0.061925485050229226,0.0898651980914259,0.803307643235675,0.0005638904966978084,-0.0009204871516343166,-0.0001965790229595697
78,0.8866640061844606,0.05444700803387548,-1.3617663979053587,-0.0005133701422105852,0.0003612881877851648,0.00046769418023663123,0.16410178240582698,0.44367447715768793,0.7097956405446711,0.5219326699813522,0.000296931600267386,-0.0009305350717096514,0.0005735272129970869
79,1.0320549495338107,1.080775678724958,-0.544344223833344,0.00010573063549705977,-6.808521823566929e-05,0.0008719236774902958,0.48116912076943,0.4271304617502972,0.6807866133551024,0.35009346314868806,0.0015806191604769617,0.0005677763269365315,-0.00019376681826937408
80,0.1354162117030544,-0.20555902959572236,-0.8246461389022333,0.000803464515491181,-0.0007054685820881317,0.0008624366842568669,0.5398319534452664,0.47465212256550493,0.16568359828108087,0.6751561077589111,-0.0007854845976465205,-9.149598551499148e-05,-0.0013172522537030816
81,-1.224722497991753,0.45014249391490235,-0.6986917850100111,0.00021634824767081777,0.00098977881896938,0.0008282961511559557,0.6830776490775371,0.6622156944875427,0.2995156496241277,0.07187262994578154,-0.0014925875148381164,0.0012674031442230943,0.0018139485591000663
82,-0.48102163601644765,0.5438794126069468,-0.023941520262310334,0.0006436048615961021,0.0002751618942669052,5.749135898374877e-05,0.565349823272031,0.26993802118631877,0.7788467691866224,0.030178670809999173,0.0019391364912378813,0.0019988077724593135,-7.823996433173178e-05
83,-1.0691701900969555,-0.027892374680027032,-0.9962952820881716,-0.0009289610381955327,-0.0001207560186559884,1.9109323959796932e-05,0.1795226734829403,0.33109263535338856,0.3569370597477558,0.8548363655688219,-0.0012276351366477792,0.0009929469504037476,-0.0006190544366224495
84,-0.6183501140216783,-0.27562388591219644,-0.8672947114861895,-2.933721214374999e-06,-0.00043673407331618216,0.00045189540032715024,0.11258793086941754,0.09318839105111877,0.6600043522137637,0.7369084995131602,-0.001357590555877193,-8.423298736115687e-05,-0.0004855531872766626
85,1.2162578268306175,0.29980395006150173,-1.493813117978654,0.00085904696415673,-0.0007679669992555489,-0.00032317562398710155,0.23805555451917818,0.38316160711833364,0.8692481057113012,0.20229796467185976,-0.0011265024337909315,-0.0007454301322008514,-0.0010843559884020704
86,-0.39685531135593966,0.7339550709519154,1.4295168307053565,0.0007068856270871866,-0.0006824057825750545,0.0005533415619484875,0.5427883771042649,0.7747947705171963,0.314234685640812,0.07956383349200617,0.00014587157038203208,-0.0006692267726585883,-0.000503589386679327
87,0.19368645574905274,-1.355647224022858,0.04443190776002437,0.00016914048027641773,0.0008319168503514206,-0.0007601631306743139,0.5037756514869272,0.07652220080933947,0.5247532614656477,0.6819006235027085,-0.0006370332038360643,-0.0007757291962366187,-0.00038875003238595155
88,-0.03674339124179271,-0.26574097596678037,-0.8730687438892535,-0.00029990521933443424,0.0005011670932959177,-0.0007143595209874117,0.20729981186177732,0.4486065200438654,0.7382639911877152,0.4590699919312848,0.001241647932506642,-0.0012139045567632093,-0.00010616220800252702
89,-1.4856671495595244,-0.6674602902541639,-0.3427537891532204,-0.00025400726899831635,0.0007585348455429034,-0.0008965722511451242,0.6044785677731745,0.41498173453900866,0.5084587461471146,0.45151470027939455,0.000932916251351475,-0.0003372175958301286,0.0015076640338653625
90,-0.003642117665647593,0.37549234523525143,-1.054662568415152,0.0004336463605547627,0.00033475097269188795,0.00030888805761437074,0.06701893887108742,0.5076800959119786,0.4779086494048405,0.7137035132822586,0.0003135775957684248,-0.0005975204978945809,0.0016486079701606236
91,0.22415959219529435,0.5070431011028638,-0.2736292201623933,0.00015888630238920266,0.0007325616980317304,0.0008098001779410383,0.5974066480475312,0.4161385603490252,0.15312731024854648,0.6681960957049207,-0.000615197313952064,-0.0019709422085409604,-0.0010250931034884937
92,-1.4889208743848377,1.2838918892698121,0.5431709402737699,0.0009206883897882924,-0.0003714627971420244,0.0004854423700544929,0.6803151353477217,0.6634079616337993,0.3084302925958894,0.04395392663815699,0.0013966267097090734,0.0011934930680443045,0.0003466369225670861
93,-1.0373868461226017,-0.11576010159976224,0.5179699269417384,0.0005291653294866618,0.00043720443443271404,-0.000996905811650708,0.3426277813150042,0.5570401487126565,0.6227075423488327,0.4295902616391762,0.0013410824987177081,-5.0706114290671516e-05,0.0010570157632481805
94,-0.19532993319845238,1.2550331304441196,-1.0871397569405188,-0.0008822443277357855,-7.00287101923307e-05,-0.00022037699815861034,0.5030908006996874,0.29731248675031363,0.7969187192264328,0.153053867707399,0.0017001702842654146,0.0014614620980222654,-0.00076792999286516
95,0.8000902496139615,1.4708561538481644,0.8344127342674521,-0.00026427103349151214,-0.0004009197129517867,0.00022903885207058703,0.41256383457684126,0.5695111056578938,0.6887830040586108,0.1761424317181179,-0.00048106641296876123,0.00044167631107712,-0.0010288531192583438
96,0.053713200198512334,-0.18924964094533303,-0.4117072372000168,-0.00020168172991643838,0.00021186649839735052,-0.0003608295109853053,0.6433894740879325,0.23467553066783312,0.6946309404601334,0.22014821483285996,-0.00017724263227104995,0.000421165706751546,-0.0014528186068537253
97,-1.2016526253026947,1.0138029002450208,1.3241885740383101,-0.000370389552003708,0.0003321098202665087,4.1734966427790744e-05,0.4559481571599277,0.626486899222573,0.5312443951492267,0.3426438905153334,0.0008394461410500239,-0.001426592449988778,-0.0019851162416340586
98,0.07641208815756428,0.08187561965261914,-0.6782251058459058,0.00020428577447690038,0.00017547059166105397,-0.0006227352688721957,0.9078359060854069,0.3852758301756608,0.15271269741271318,0.06383834547884745,0.0014988843254471343,-0.0010482834262397125,0.000796724144858305
99,0.20706150797807132,-1.4459296416895597,1.0736361963324943,0.0009962165958197597,7.713092098108427e-05,-0.00038006874921095066,0.4010475104633968,0.2891819695283408,0.6881952238368684,0.5309632913290184,-0.001397927870904646,0.001314229418404778,-0.0005221660047914716
100,-0.16447333097998085,0.4234719171106267,0.22914424872081662,-0.00046107993752289556,-3.821232650672046e-05,0.0001718542459082956,0.20978616239129086,0.7138245914948131,0.26980974633910026,0.6112666516560745,0.000963563750661691,0.00022324213604268126,0.0011785491341430132
101,-0.9359323169680441,-1.095412753183741,-0.3239635067139752,5.915821376910931e-06,0.00012756157110900015,0.0009879966671868042,0.027933007653556073,0.4981236744995771,0.7652589246372209,0.4067816739352326,0.0014718554816106639,-0.0008163592988748988,-0.0010187364525135606
102,0.9635553875372538,-0.44890121044535847,0.8339603708076728,0.0001330228168602665,4.348740045390879e-05,8.386977393754066e-05,0.21176307561868668,0.6940014972944384,0.0866902865154112,0.6826442087804363,0.0016347130953965018,0.0015446453910883061,-0.0019897097163942973
103,0.6108329788200519,-1.2871400310146242,0.8919061909482511,0.0005516621100335039,-0.00027878017432360976,-0.0006303790594815568,0.11077304291149791,0.5527247572602947,0.8098606465405862,0.16232809017708452,-0.0011890426832701561,0.00020032147595520087,0.0007751133079889217
104,0.526157077373195,1.2880161356349027,1.0370722784265265,0.00027451760466538455,-0.0007098536641296176,-0.0008855816435547777,0.6336451961659019,0.4192412212219722,0.647379724687139,0.06024994496420182,-0.0008656722198235474,0.0018210190858624466,-0.0018424764373878143
105,-0.8724040902523107,-1.1642034654722695,-0.9156086303106878,0.00013966619215034694,0.00015973866162629822,-0.00016914865946583777,0.5230336694704187,0.3762987111242157,0.619495977195147,0.4483969166325662,0.0017183488667981148,0.0017735694676219533,0.0012347036976410163
106,0.40848339310656634,-0.4207694054272406,-1.252786025403371,0.0009803717531396924,-0.0008220036845910772,0.0005099160433397404,0.8812124192181147,0.15358659161588337,0.1409177989808258,0.42428528730321663,8.452735293689633e-05,-0.00045516064058830183,0.0010996812241052438
107,-0.3047194603540426,-0.6039020926799874,0.17788882098362646,-0.0002165668614852774,0.0003345762164586575,-0.0002951318540983345,0.18523944002973528,0.5051022073979372,0.7123212126553249,0.45072896505599547,5.895194707463119e-05,-0.000926691284885607,-0.0004367864030421873
108,1.4929547306160424,0.7432227247991987,-0.11742492425422757,0.00019403582249760188,0.0007779263811819944,-0.000198953624883901,0.9642106273378405,0.15046337581798563,0.11892217083829687,0.1830741815476193,-0.0018789237152107968,0.0015509704882675029,-0.0006934398103731123
109,-0.015119192990442176,1.019678244425576,-0.8460248627812086,0.0002965201168292782,0.00016058561755521701,-8.564591703510852e-05,0.1023632478383415,0.7820426605721301,0.3197813717600043,0.525043728476534,0.0015283589544213571,0.0008170397758965353,-8.10726096555441e-05
110,0.3365094041649037,-0.30615306555858224,0.32017434816656953,-0.0005585327582798383,0.0005392679988036506,-0.0006050224422288615,0.2236722845383125,0.6538612144090562,0.6734855730654775,0.26239932220490164,-0.0009813952093280988,-0.0012673737983608083,-0.0018397696766127764
111,-0.21450909504189597,0.07783958628401555,-0.7833895799230384,0.0005705452382261617,-0.0006795552912677567,-0.0003629433729499909,0.5774102586443957,0.4848080087270383,0.5234910761740471,0.39688245243708414,-0.0007390764643178018,0.0009485066068096698,-0.0004737389654724104
112,-0.5397367859139012,-0.3237445952928515,-0.9447563571618861,0.0008308804067013085,0.0007298661226069275,0.0005617140037538842,0.5067666073734748,0.6907778969393901,0.5063086228265787,0.09831114485461458,0.0012468169857155708,-0.0019629095779258882,-0.001397822642332222
113,0.11716724462656858,0.5076192910733512,-0.8422115535590943,-0.0007301383064733016,-0.0002893492439133327,0.0005847689798733396,0.7598285869490314,0.12419548485398549,0.5588609058855368,0.30807545807759273,-0.0004906485844271091,0.0011457483931505532,0.0008880029751601841
114,-0.5095897156244706,1.2393269821367694,0.1566678030337716,-0.0007653654635041361,0.0005081410781129401,-0.0008258822466375264,0.6141435689044729,0.4992418720120978,0.25633403462298354,0.5548676352942529,-0.0006430027475346862,-0.00170184448100719,-0.0015368082483518384
115,0.6997203812726784,-1.2166047998084095,-1.1312301322724612,-0.0007976869562868145,-0.000513295136491106,0.0009736350787650657,0.6666364301970569,0.3261451805090487,0.046333782864490164,0.6686391939830558,0.0010068948623670245,-0.0004845897590277275,-0.0006712149211337212
116,1.2642814309712151,-1.2046992606474387,0.9159833775133208,0.00013521974370997642,-0.00020579200432438948,0.0003859664093025627,0.7735357730804071,0.5167605286424152,0.35539342921627043,0.09108498378991081,0.001942256279338978,-0.00035041492482653833,0.0018300141186875143
117,-0.8979793610021999,1.367640566217771,-0.7853350905707576,-8.944475843875184e-05,-0.000615247507978488,-0.00022448384766626513,0.35286912172288226,0.6154070805632773,0.4225005742431589,0.5641371933238463,-0.0006182842420550155,0.0013708120240188736,0.0003732917725442048
118,-1.124721607993532,-0.8888863082704676,1.4486922832946543,-0.00012382930830185735,0.00038084553758088117,-0.00040930336767375057,0.13876046626076516,0.6890799868019496,0.4149223449375437,0.5777142481051079,-0.0007665518185327462,0.0011087250880209543,-0.0019011635688592464
119,-0.5971924019255116,-1.3864762544787474,-0.17602447828966583,-0.0005593787770644949,0.0006892843570647745,0.0008715834169436781,0.5046222242257323,0.3729263597197382,0.6182390156033836,0.47335278665010344,-0.0012383912351838502,0.001445034120882661,-0.0016872648664043143
120,-1.275095051732452,0.4394651226829531,-0.42586202829864295,-0.0007741215743261106,0.00041826097427827996,0.0008871041983478957,0.2605116744750701,0.8354072538725427,0.2918658056835748,0.38606053814396735,-0.0016406229095541117,1.2713358484977948e-05,0.0019606166864685184
121,-1.0901410326612235,-0.04832499491934095,1.1023827084793627,-0.0007611762979894102,-0.0009848615258009879,0.00034203362661362215,0.2607583819794406,0.6799134938155772,0.43016821170043096,0.533552262479893,-0.0005601905315604702,0.001967877973035187,0.0005384582803206629
122,-0.5713553851004822,-0.009083964744426964,-0.05608333029978296,0.0008708367326726546,-0.0003158471137356247,-0.000311165585374648,0.21225798696549042,0.5990469041891221,0.6648877694099598,0.39244567476255204,-0.0005554904029774299,-0.0018117189123950613,0.0017424880123774814
123,0.1682669023028054,1.1961541029695835,-0.3163956060108841,0.00013784522530213713,0.00019996983468189991,-0.0006323927605595958,0.4252669500141931,0.653015877407588,0.14404123110195388,0.6098937684727214,-0.0014849060168698651,0.000676673895612346,-0.0016447774606830352
124,-0.783180312426701,1.489823947889608,1.1282488412837806,-0.000386345607677355,-0.0006385313741737222,-0.0009608700342094548,0.6065787523847841,0.16319384278414134,0.6323234474431256,0.45342810306189035,0.0005630807616797914,-0.0016552933805360195,-0.0003842581315408524
125,1.4909253450311772,-1.0340117763663188,-0.8661230610357852,0.00011071072180893898,-0.0007793083623569915,-0.0005900966444059817,0.37714625440409344,0.8219812151065936,0.321501106007812,0.2806147245541551,0.0005308358792367645,-0.0011129622096370442,-0.0013935476691133556
126,0.0629655242796443,1.0601418456963008,-0.5754238051885283,0.0005869027931651066,-0.0001394524973399254,7.241248589833025e-06,0.5780310241434111,0.5794822498257425,0.42000753558532106,0.3920129172822756,-0.000739750775574232,-0.0009927395601274337,0.0018831805855700208
127,0.36964779537578796,0.08845163667905442,-0.29138476690464454,0.00045680246954648727,0.0006916268749441021,0.00019766325254400594,0.5431344871019184,0.5602412816673145,0.3139513036799016,0.5408966760426532,-0.0014162076462403152,0.00041679079639478757,0.001772066998468976
128,-0.3619280778823659,-1.3694303276902784,-0.2553513560018108,0.00046935920170965194,0.0003640801382339899,-2.209584919327513e-05,0.5445017823499769,0.5882184258631957,0.5400598866890529,0.256616856971887,-0.001752464123438923,0.00011316682183537888,0.0019428924698186838
129,-1.3782957138481469,1.4542742777543345,0.8450789546736526,0.0008956324866561565,-1.9454532058721863e-05,-0.0002721891468225675,0.14783840938930057,0.3434715489957412,0.7436316817562207,0.5542409418548241,-0.0002486743175764809,-0.0004872153399286727,-0.000774648630336019
130,-0.8060425082571481,1.4744904948612518,1.2619250008188607,0.0009357816702061763,0.0007577251871384255,-0.000522169947618109,0.5683879532237948,0.20046025271777285,0.17610877748058626,0.7782907684180029,-0.0018331865971319386,0.0004945819026494895,-0.0015344863054324214
131,-0.9832244982766692,-0.0005860210436361424,0.09763120469592845,-0.00019913556491052756,0.000805820619317326,1.994214295585094e-05,0.2439209471617195,0.6005827661202905,0.21827171842596077,0.7294932278715193,0.0011938033029509354,0.0011771553411053341,0.0019816860941146907
132,0.9597323178388604,-0.17095343549548025,1.1457776654736271,0.0004343552191052168,0.0006899453922818404,-2.7190648612700728e-05,0.27910515065969416,0.7331751385861752,0.6056740646758464,0.13309191716032576,-0.0019738623583578875,0.0012991935925668577,-0.001343111779012458
133,0.8269396904356725,1.1976953723320776,-1.4736000657094404,0.00027128330115320826,0.00020027286038798377,-0.00016284083205514227,0.2811376017316426,0.6033253031833972,0.630928463355352,0.3986094599470721,-0.0003762273044009862,0.000976773399026405,0.0012813277012624544
134,0.13000324424333298,1.3205211348243777,0.3690898098445907,-2.2800141208979743e-05,0.0005381965321871057,0.00040209448351337536,0.24714794917931973,0.2744055933645732,0.35192671404133546,0.8600971163134783,-0.0015155139977656683,-8.6448665988937e-06,0.0010092165635428789
135,1.347036220405077,0.2942470361489815,0.7635726126971223,0.00024689186717404216,9.42323342726422e-06,0.0006518301243499799,0.16666665665942387,0.5425893704594915,0.4577755910584588,0.6842956297196565,0.0006527284084962694,-0.0019473858822476734,0.0013570330658150454
136,0.5848568592596064,-0.8852949489780977,-0.9411749138531444,0.00024786821792961776,0.00045683028436183234,0.000913630699606299,0.47700407611102674,0.6915714914705463,0.540797087148249,0.041647257900599845,0.0009794269552482267,0.0013515113617662022,-0.0012833060403162535
137,-1.1070932517777567,0.06637166025734365,0.6948001699184916,-0.00013713826353772384,0.000752369383887659,0.0009531349805687091,0.5171837604651466,0.5071559599821123,0.05467686729153267,0.6872584887427263,-0.0014032776964188383,-0.00011891751783997062,-9.207489349992177e-06
138,0.5957043394774759,-0.7931417886497961,0.42836796334969884,0.0007189217070427392,0.0004419703594897664,0.000915380792014913,0.6957988053393848,0.5112094001192874,0.3886840215321756,0.321642197361507,-0.00046905299081427456,-0.0019372199384284975,-0.00017356704178928526
139,-0.006482331628703708,-1.2285654728194775,-1.4116263508165898,-0.0007568227406300671,-0.0007268102882703165,0.0008527583425699506,0.7897473033564938,0.33302202234470984,0.48284425294222744,0.1796022184585923,-0.0015467213349450244,0.00023969286843788466,-0.0012242414914085263
140,0.08199881930790331,-1.4536456377433409,-0.669801494618292,0.0006455798233626876,0.0006475322098262071,-0.00023987630711169586,0.5296587588575369,0.036282419943874065,0.7348215441573366,0.4221166703776779,-0.00047974090175029855,-0.001579509782252264,0.001079760115539175
141,-0.510402052364981,1.2680918653373272,1.4514197137503064,-0.00048114667268630076,0.00045359786088689327,0.0006039443159070541,0.3487942334148949,0.6937864355052302,0.44679865729089535,0.44426785218887466,-0.0006909729222719964,-0.0010985168601267566,-0.0015020216457147853
142,1.231532812137301,0.1259781324289584,-1.0747442753500294,-0.0005654326528747185,-0.0001452615362998661,0.0007779086225335066,0.37864133807981143,0.38639489744154365,0.5983759081005073,0.5909957638876628,-0.001082931777181741,0.0015855426842713398,-0.0009674746922570514
143,-0.03851166458662969,0.4661562722857411,-1.1194527179816833,0.00045829852230585655,-0.0009159095864417668,0.00021624018518188732,0.0609053686892345,0.4181079419747124,0.27739197718998165,0.8628615044797928,-0.0005995225041238669,-0.0005460685648109461,0.00025816569496149317
144,-1.3543514956490277,1.3192234519968098,-1.4190664097415602,-6.312575742422125e-05,-3.002473636948451e-05,0.0002765420415343971,0.5882846223565115,0.6662106096604785,0.017034787616473746,0.458033233167127,0.0016126049077037391,-0.0007069472638661835,-0.0011257599248198828
145,0.24861369115008292,0.7323803140417207,-0.03089429729267046,-0.00031440254296690416,-0.0005781263824072511,0.000308351860176466,0.08836495909073235,0.36062069310145833,0.02425619472318611,0.9282004022459094,-0.001797994562431283,-0.001040230331867641,0.0019132714666458047
146,0.4598536551202286,-0.42793957786519,1.0650694779678025,-0.0008473647804759281,0.00024005734627310015,-7.511494977759093e-05,0.4226523261312934,0.7371453880862718,0.2744091154706288,0.450201427569453,0.0018963501659451814,-0.00046392775427921856,0.00036013090442889696
147,0.031592282024986096,-0.48523064733554255,-0.5905153974538901,-0.0007671305865049823,0.0004215056398633346,0.00029484653563140954,0.6476689929639767,0.14135866103575703,0.00017264688220778828,0.7486939125545635,9.147245602836307e-05,-0.001526495924303393,0.0012533212258414978
148,-1.4891004867635744,-0.5988776108956482,-1.2702761689452968,0.00034734709585551886,0.0005694029506286855,-0.0009682732073111771,0.32682901510060725,0.4107608530598006,0.5374394811627998,0.6600129700009026,0.000763825408579655,0.0009233065131655574,-0.0002900195812571096
149,-0.9824432444420627,-1.0945397608627014,-1.1096880694375297,0.0008980760177778816,0.00023972926016622596,-0.00025019059812618873,0.39739220673662345,0.12224028323711893,0.8749682975885866,0.24812743780975988,5.1138113200763485e-05,0.0002782079834744177,-0.0013250579276861134
150,-1.447691620395983,0.4228317918545832,-1.2663763116012559,-0.00028715140089449244,-0.0004790186411750188,-0.00033361571147248585,0.5540271256101853,0.5492958223587656,0.5016075772718017,0.3737885525946948,0.0006268370871105144,-0.0013967136689763174,0.0014574589354715024
151,-1.0937706806215135,1.1839126837121987,-0.668647036236522,0.0002478179717008877,4.338254124362979e-05,-0.0005810422592751921,0.39964640350298697,0.17633147499785823,0.5925700162844351,0.6767944583792568,0.0005398933561608166,0.0009957936562565604,0.0005277313045258447
152,-0.21106709380094713,0.842304604673723,1.4096172077918716,0.000167000768103527,0.00044099110768552343,0.00037513471084713035,0.6366778251312496,0.16090428579858065,0.6922574244730156,0.299217004964253,-0.00023791293157622378,-0.0008618363770801182,6.386996709561044e-05
153,-0.822338834942334,0.2618400726168031,-0.3962255426923742,0.0007713808387257151,-0.00045465747113243517,0.0002659483838245251,0.4198665319722843,0.4548500442520162,0.25115834967693823,0.7441391106245273,-0.0003201747277777737,-0.0006297825961075936,0.00038592537989736017
154,1.0731389889720888,-0.3548872703164272,-0.7710817710003519,0.0009631379993310222,0.0007267392065445173,0.0005896132976986965,0.03752211397513406,0.5432895308312485,0.6066871926860701,0.5791020867538765,0.0015322296906043918,0.001843567626504243,0.0016005902865264326
155,0.506108524144278,-0.19931663030820324,-0.2905752994266888,6.600569778577887e-05,0.0006077512018109817,0.0006770312598131357,0.21124368645574884,0.5757771310216444,0.1226766943794007,0.780261000551234,-0.0009957683194174766,0.0019414584184128305,-0.0014804499425679195
156,0.2421235344904713,0.12944406703768774,1.0457519477448374,-0.0006526453311090647,-0.0009658661061930649,-0.0006737160404615345,0.40991657034809925,0.5883878786027329,0.6824985019522453,0.14129368174256254,0.001099918411329484,-0.0014868228531451067,-0.0011797315581010205
157,0.20480458383697897,-0.42805775611498653,1.128752712885699,-0.0004614220861781708,0.00011271722340261176,-0.0005023768669727507,0.5022866271429605,0.5734561097344217,0.5741189420769472,0.2987367984531839,-0.0018018095055757355,-0.0011510753712669897,0.000723108452106283
158,1.361817331100668,0.1765215492383092,-0.9590184563552321,-6.690926770046876e-05,0.00094123935131733,0.00027453087143491624,0.5418542742645375,0.38124661933104664,0.19942291554241545,0.7219940868639175,-0.0014091916160952538,0.0009498793596775098,0.0013983200608735096
159,-0.8385205640825124,-0.29993379619259564,0.18647731537658774,-0.0006804329583587631,0.0006912418302817173,0.00028110091000286435,0.5756882051124269,0.32484913261405685,0.6402024918380739,0.39140375698075264,0.0007799765431547893,-0.0019660988549289973,0.001267728696720709
160,-1.3647243689710926,0.7610174718706499,0.8201009804240291,-0.0003000264407521005,-0.000549507267138518,0.000783373121725605,0.6359110055730143,0.5430056856309893,0.47187915443695705,0.27944960542358876,-0.0006782315008941322,-0.0013047491321398806,-0.00078572713627059
161,1.1073318231111413,0.31378582977991076,1.15579618703583,-0.0002101134690300282,-0.0006715539987602165,0.0007954217183790415,0.01947378334677626,0.5795596614831131,0.8126651770652039,0.057503743611374225,0.0015777248161468072,0.0013574038183503888,-0.000757796983616993
162,-0.23931889487437585,-1.4951097485782798,-0.2515475328648944,-1.9287577827979034e-05,-0.000455835480240292,-0.0004352358775444994,0.5410230666749198,0.2738132352091267,0.5329547361108948,0.5901521861409508,-0.001440058109846972,-0.0009305091491990649,0.0011525292112222435
163,-1.2252225686492857,-0.9017910441695167,-1.44171102639609,0.0005670732917681148,0.00014594720047172928,0.0005032397020900846,0.7536709963795768,0.1771872416706472,0.09682273000030901,0.6254678805187768,-0.00015292229860785068,-0.0017793694782043939,-0.0010241395653729933
164,-0.3650129676846241,-1.0338204804582414,1.2502709992774057,0.0006530811473826636,0.0009175471370202928,0.0008663341294198243,0.6199108976763884,0.7381036157880209,0.24016290312678548,0.11504482284926312,0.00046237268565830396,0.0016135830345815564,0.001335727093263117
165,-1.1959339441849743,1.2008093868912555,0.3129343803126683,-0.0005577868005319244,0.0006263840376794095,-0.00038064976135327333,0.4875685954141873,0.4662169377888205,0.7358028504947819,0.059268852599028636,-0.001298763182882732,0.0006576964917549902,-0.0017295154231462958
166,0.8406104550963409,-0.7141296452288151,-0.0542360889682485,0.0009502477574305074,4.8896843277984646e-05,0.0004223201257772633,0.8861802935529614,0.16205445709784877,0.2032196374382012,0.38356827190553056,-0.0013728565145178031,0.0012915427201895774,-0.0003666653417725731
167,0.14761257906064928,0.807169234611238,-0.2505129170410876,0.0001445632027732369,0.0008043570860000078,0.00022058534744058252,0.7084111938535741,0.005105044773460109,0.21910617699755253,0.670909831603571,0.0017774478978421012,0.0016768557269247423,-0.0005582139935042761
168,0.5051666477432768,0.7622377499121153,-1.3598706152287736,0.0002061068958735695,0.00013967078644706258,0.0002050594176358589,0.8900089977587881,0.43645483771958826,0.08251904200415257,0.1028677123605001,-0.000962189003101781,-0.001976844820316342,-0.0019420823641727641
169,-0.16299814924918632,-1.234232873981549,0.2441076693215738,-0.00036708147642893765,-0.0006104636069500676,-0.0007812220718555321,0.4846937304448728,0.4944403498308728,0.3432047006984034,0.6346741380780191,0.00012014881323526216,0.0010501846466383319,0.0008825877325728281
170,-1.3730076569710838,0.93056361013653,0.15972207534204053,0.0008810174887591852,-0.0001030643875497392,-0.000734316043845741,0.29004861588207437,0.5882910273498173,0.04306788561118821,0.7536117201806054,-0.0014646619723580785,-1.897905726785552e-05,-0.0007980128363905487
171,0.26136247169361737,-0.4874860167981512,0.8882699083649208,-0.000770419178591184,-1.150642421593245e-06,-0.0008133644084602352,0.003188617165630581,0.6379228122095338,0.29281478696905605,0.7122526370014486,-0.0010606213061334219,0.001979741923852807,-0.0003083897260170278
172,-0.8676628342606173,0.9321606791560555,-1.2785137433219969,-0.00020472511392783679,0.00022662531225994646,-2.5963477355056574e-05,0.4654852957137258,0.4237039915983321,0.431873928049713,0.6459746722967218,-0.0015892330912881084,-0.0007999214373473071,0.0009883234634606966
173,-1.1310952379082537,-1.426161134530839,0.7646335933368515,-0.0007972901237357662,-0.00018656834272558263,-0.000554593488279193,0.6066028939743007,0.4371175023396242,0.6594635271418275,0.07790426522362091,0.0012949446563417142,0.00015381230321006526,9.746465203305452e-05
174,-1.1923889236145404,0.8806367050555672,0.6306864034888657,-2.3255091675839683e-05,-0.0009611525440361985,-0.0009168794590846094,0.18939386444949047,0.38037408114841353,0.34618865097138285,0.8364203132624184,-0.000906384389483315,-0.0008722348259426994,-0.0005191654284111777
175,1.251489121533007,-0.0634647270075861,-1.2986307954734415,5.3455265496133754e-05,-0.0007937687534512632,-0.0006156376303746072,0.05280821629852886,0.40177158445380623,0.1756967408141418,0.8971741979594231,-5.7003215184268105e-05,0.0004343664285079746,0.0019145731040791395
176,-0.7606195167826272,0.3823419913771544,0.14513367197852567,-0.0009797199764414457,0.0003649816440569624,-0.00024314598403012242,0.5804910476385408,0.37260834173324814,0.6465880678430294,0.325756101716187,-0.001454621889421753,-0.001970231480003111,0.00037355553633774746
177,0.670259980422089,-0.799376530319675,0.19643306291667262,-0.0004464501902906794,-0.0008279694158353626,-0.0006898812847976022,0.652011362424345,0.00559537114014969,0.4715259887609543,0.5937281507679736,0.0017025467015562108,0.001397462558559197,0.0012320474780736046
178,0.04429175986984335,1.4459651802514362,0.6588990420904501,-8.090184382337823e-05,0.000847693861128961,1.5264042233207242e-05,0.4449846030642223,0.524948425217138,0.3215797097519444,0.6503878413482824,-0.0013647305859384837,-0.00043751598414721996,0.0004228310721737234
179,-1.1212758616110237,-0.9505513636450261,-0.2110631723155354,-0.0008337464517328779,-0.000526249908154649,0.000741533867730101,0.09225612399273206,0.7040565379592073,0.37202339712145116,0.5978225413422847,-0.0007440118669140654,-0.0014486968905496594,-0.0005047231156432535
180,0.008611744399499965,0.35827774632832954,-0.3982313520289318,-0.0006667304955638715,-0.0005385035306906837,-0.00039004784283558206,0.15109119351911177,0.6674776941896021,0.6801682036636063,0.2627093331522986,-0.00018850958962014666,-0.0007402728786679042,-0.001504724047684582
181,-1.4418956287682505,0.6278694648433403,0.2501952557806504,0.0002693890122078338,-0.0004780182112114768,0.0004296605488190127,0.5189116654490988,0.5788300538588592,0.5783554324770941,0.24736904805336177,1.8198521960792816e-05,-0.0017193761753935026,0.0009952370386839497
182,-1.3917477186511449,0.03581203369494235,-0.25440231830332194,0.00017413326928927657,0.0001078516401845015,0.0007126311897068854,0.5502251479616246,0.4230478894612323,0.6233161420600689,0.3602218161360545,-0.0008201006828077167,0.0013790082976865197,0.0006609401736521114
183,0.8539999796064741,0.6119754561414923,-1.394581729189876,-0.00027302138941444484,0.00012390133525739546,0.00042477862894833504,0.4158696510511275,0.6514669590935537,0.5415853416435306,0.3306486840452744,-0.0013900815555186398,-0.0005808797682336246,0.0008417408215394872
184,-0.599256625588644,-1.207417339340668,0.8387304379976697,0.0004850081898512067,0.000678301503656294,-0.0006567193682600117,0.5029597560673249,0.33930748583815623,0.4043453875307907,0.6844024557330733,-0.0016007791745100814,-0.0006208286202768281,0.0003904338347810732
185,1.0589036039734472,-0.34072948792243696,1.2871943318020835,7.129155290143928e-05,-0.00025290766552178365,0.00038089891955209653,0.4383891656588149,0.6686514892185785,0.3636134792411116,0.4780223458301078,0.0011587068441659071,-0.0018874893555526095,-0.0013753402306541608
186,-1.0451984561156151,-0.31951780415801934,0.674632421405712,0.000763612291013422,0.00075819396899877,-0.0004651532048683425,0.5392537164805513,0.5873138033945889,0.10512766206431791,0.5943198636029137,-0.0013948287246357233,0.0008864495519601981,-0.0006626485576020618
187,-0.1356202927773129,-0.32017667177714015,-1.1661262505463124,-0.0007343671572698873,-0.0009793624579783368,0.00019504820026590322,0.15508386020992102,0.34795250340554895,0.8485444911913601,0.3672196864888877,-0.0002583563215854685,-0.0018280553262240641,0.0015427306977597588
188,1.283945153573343,0.3683662887326844,1.2279851345362758,-0.0007065823403969178,-0.0002213372693944327,0.000266944146112183,0.5504243651021233,0.4496493231494685,0.6301072520761352,0.31275126758210114,-0.00017092833437837296,0.0019140562516486853,-0.00010646917767976878
189,-0.6282961071256695,-1.0785648748954069,-0.49636205503852704,-0.0004009061183553428,-0.0006370351270574697,0.0007029105285982508,0.04798406469916421,0.45266733538590914,0.8648222322692465,0.21183087495076047,-0.00023014454025026146,-0.0004988633151563916,0.0005841632812004114
190,-0.2071311727193923,0.2770839415206203,0.32044747876985324,-0.00045671591802303206,0.0007846382330238405,-0.0003769205672958596,0.23698302109791514,0.9276766573034745,0.027728109524574048,0.28720414194044996,-0.0009735303414064389,0.00011261164069627889,0.00014384977204436305
191,-0.8340506736897227,-1.2411135745629616,-1.447152278854836,-0.0005470464992854929,1.5791713048575505e-05,-0.0008420034330841788,0.6362038982911284,0.6262607637255236,0.022454874753416957,0.4500420360554152,3.650072495295625e-05,-3.0344255386583266e-05,-0.00015828400982550637
192,0.9332022973063303,-1.3152933751375957,-0.6897522897680775,-0.000593268022291766,-0.0008069185349606786,-0.0005899514221010635,0.8518626285265117,0.47758140513756225,0.1741841678474925,0.12611875062024047,-0.0010661755674826042,-0.0016234154102807317,-0.0008746881988221959
193,-0.445859678117968,0.7691314649226095,-0.8275199000960548,-0.0008806547567699957,-0.0006719959280406145,0.0007528103526632435,0.20646035855127068,0.6353148020533425,0.5352796817149481,0.5169379894938531,0.0008213115017720084,0.0008993796833608766,-0.0010304511168660354
194,0.8180872363304332,-0.49513726939037594,-0.6503398636573511,-0.0008066972418830964,-5.0375819287433324e-05,0.0006668655965085053,0.53265004704267,0.26077033143267525,0.5568882035976664,0.5815137920322254,0.0011941159896260755,-0.00048262441745048745,0.001521116818996024
195,0.19523212810792367,0.0889813271457347,1.2352564330656342,-0.00030351874180081936,0.00043884221203919615,0.0004401248364057826,0.28537037136224563,0.530130546768067,0.13965648015207233,0.7861433851935015,-0.0007812400445688583,-0.0008625167758827259,0.0004252464162016337
196,1.093526474212422,0.1524982470729639,-0.470046311617522,1.725617495176271e-05,0.0005437589347528323,-1.626799817256927e-05,0.27538037584814123,0.049466472744055884,0.4447298722375992,0.8508431450105988,0.0010338104597578759,-0.0008883740755942324,0.001474773442490186
197,0.646899117981715,0.5011015239002199,0.7838684199652435,-0.00032475827945796,0.0006449133204413974,0.00018117713645234446,0.620900063702524,0.4808269018666313,0.618748047448471,0.02096318473522213,0.0011795768731658086,-0.0002746172086922152,0.0010134635637926315
198,-1.4203752528214761,-1.0539085259814707,-1.2577284813012484,-0.0003308929544038135,-9.084927983247755e-05,0.0008366370528005323,0.6864890038073637,0.6387429445632188,0.301209133060365,0.17324363360108072,-0.0015061027364449892,0.0014068365399001587,0.00016026458845674668
199,1.4881921227639365,0.06216657741108422,-0.6315698058529914,0.000997590235234143,0.0002657476158115569,-0.0005889264802645608,0.8194367610678396,0.01698401031518474,0.025631296457348744,0.5723442798230602,-0.0015357577140267678,-0.0007152854057358566,-0.0012098720611210152
200,-0.30951950367883785,1.3028547367301728,-0.5108607748985744,-0.0006054631287812384,-0.0001301262324309183,-0.0009949053161858107,0.7851347338489445,0.23575129811635387,0.28754818555755957,0.4952785237853105,0.001289994593956166,-0.0014833646687942873,-0.0005762410616892159
201,-1.4242954254050948,1.1464822980685732,0.7773413163872469,0.0009811374160879072,0.0005163678595121763,0.0009492979241049761,0.5287348242767479,0.6383328418473349,0.4160389502006792,0.37400836960161543,-0.0004029533221469458,-0.0005262716985069158,-0.0004501720188441775
202,0.02141642774644259,-0.7552777760759477,0.1194620207223176,0.0008324687657426668,-0.00021607896737400975,-0.00042327073132782567,0.7097681760267778,0.5839558103075292,0.04088344381409408,0.3918587652836132,-5.6890718902021225e-05,0.0010793651531376572,0.0004740198750739313
203,0.04238157845990109,0.022029285891735917,0.9177360169480844,-0.0003990444922745064,-0.00017753945545545167,-0.0005102099160306472,0.8067814404054042,0.35776993257080864,0.3765883410605577,0.2815769950527162,0.0005286312632995977,-0.0016280002899252124,0.0005389145410391941
204,0.7195850582142809,0.9157891666369435,1.0142141448248734,-0.0007928543851638732,-0.0007083026518579278,-0.0009001117962722689,0.5352713308928292,0.5414979445088977,0.6301550395838574,0.1522143373796474,0.0012012044908346195,0.0014337817764034397,0.00036002720064018
205,0.6654894017195212,0.6327430456417531,-0.9669926385821531,-5.945483774690919e-06,-0.0007510530550592672,0.0008148878223496394,0.08826051062652661,0.3823992033621861,0.4985220621293956,0.7729532231009618,-0.0017516921163820177,-0.0006785852121991569,0.000280358109126209
206,-0.5782602247494917,-0.4826938581471669,-0.8500912843425452,0.0005736088556063453,0.0005723220578957571,0.0006653317620266086,0.3352508904638571,0.6599545117961803,0.4769165158761287,0.47393830789210384,0.0003430143922249834,-0.001178739342718436,0.001944202081848932
207,0.30122309656887225,-0.3828623573969858,1.2759935357467356,0.0006151433164911433,0.00016133827386658871,-0.00012373722711431397,0.5926175645719198,0.26295716042892414,0.5566180373752202,0.5194557867697324,0.0017432899612844612,0.0013930018318732795,-0.0011653762062696508
208,-0.5065534927352116,0.896549807157041,-1.350466257599114,-0.00044039912997313605,-0.0008474633255355433,-0.0007119640141483985,0.5670907417852794,0.5785931300154451,0.49334975296964456,0.31661348948701246,0.0006974980760553078,0.0013744913657922071,-0.000982517575171618
209,-0.6893760188308002,-0.24980331746825746,0.5124367132446164,0.0009715645347153413,-0.0007479299067835732,-0.00041852707962346746,0.6144998064861619,0.6835545464445589,0.10750361668102319,0.3789276214053848,-0.0015860977904807619,0.0014830658815220658,0.0010858949555249465
210,0.5905284876471542,-1.1203434916802433,1.3341065123490132,-0.00026733798138527326,0.00016514040819832956,-0.0007541882535284077,0.31142954647780974,0.4223260599011677,0.8457175033787555,0.09702701267062373,0.0007361347582552735,-0.001306305060420218,0.0017201629060007119
211,1.121197326955273,1.190656366724176,1.251386718038642,0.0003886210649924919,-0.0006863604275549657,-5.3369621011253757e-05,0.6444915332541399,0.16099835796411247,0.6411611378650826,0.38421684969316494,0.0015092841635076415,-0.0014546837036853262,-0.0009754493194217475
212,0.6303410799530509,-1.1300471978966828,0.8087942256461433,0.0004929853388360292,-0.0006379878716578766,-0.0009311359502834313,0.45837587105555877,0.5668889695981382,0.6763458513105974,0.10528412224529457,-0.0010614961206828963,0.0012148278548059933,-0.0018605987314720864
213,-1.2830821161099828,-0.6545766737668265,-1.3901052651708232,-0.0002908421125621272,-0.000263475978709089,0.0006034709125813447,0.29208029720444006,0.1889817616459933,0.7062233843558923,0.6166226764716431,0.0019137884591707392,0.0008686786700430643,-0.0004142717585346215
214,-0.7290638601647909,-1.0991619054410948,0.2549255120958871,-0.0009037303986488548,0.00045833401292715535,-0.0008853135974313067,0.45092123038929827,0.6199515577896658,0.163025847934165,0.6210899152970644,-0.0004487096799472136,0.001291470778695257,0.0008150772212921751
215,-0.5128582861800812,-0.9265214243495177,1.3071592319684067,0.00011627082936553276,0.00029165812271630563,-0.0005816011064785226,0.32783136623183146,0.8160645610231493,0.01914600239833854,0.47560346734315173,0.0017603311573262527,-0.00036574560556769647,-0.00032290893280966415
216,-0.18593306607839732,-0.3327199592465191,0.9509569930339317,-0.000529719957668805,-0.0007247951033232385,0.00021698224190837387,0.5067227330785373,0.6721724025406222,0.3602085217428276,0.40207729842411166,-0.0017560769372278063,0.0019083724041640522,-0.0007873583493977067
217,1.3744425001658471,0.25213548031726907,0.35614353660252385,-0.0008776647931536246,-0.0008774906262949443,0.0007421056053240561,0.6680039398630734,0.15687160860018304,0.7067018672420241,0.17243696117491425,-0.0008017390716626353,0.0012290078660788547,0.0018487255386406129
218,0.8006381709002865,0.2084816006738297,-1.2983121650344276,-0.0002055183345276195,-0.000480464541653622,-0.00013787097069848438,0.713776992295855,0.40115702266080366,0.15030963952865298,0.5540780276312793,0.001946779015655412,-0.0014199728220333561,0.0005718199873799446
219,-1.2645459814672986,-0.923983154458631,-0.15711013187733913,-0.000983220371605101,-0.00021952942695155461,-0.00042858240869286584,0.4803288348593589,0.6752984374325959,0.3547088294648084,0.43294096260743303,0.0015019793543633807,0.0008002122393229194,-0.00028497911549054495
220,-0.05875913213285844,0.25400536129270046,-1.1323118964628434,0.000981170833324726,0.0009300326738815791,-0.00040815817155066196,0.6170207040038892,0.20216821637777238,0.5313497709793146,0.5441331491440354,0.0013531982003896392,-0.000575432860829317,-0.0013456576272400148
221,0.35425374781119956,0.2857881590308986,-0.9564985172461619,-0.000699064122296151,0.0008778136175181736,0.0005929619430724968,0.14374006939843262,0.65062869243313,0.16364765155236963,0.7274892048501361,2.6743891260159504e-05,-0.00011631439603475616,-0.0010486638815841332
222,-1.4147318837820935,-0.8451561412076716,0.03795256809622649,-0.0009028526832514292,-0.0009277013441677711,-0.0007229899283667654,0.18238441119187254,0.1743405732637045,0.5991629755808553,0.7598322313256869,0.0008343572115334526,0.0007405595846284897,0.00023362803191254123
223,-1.4609112933284751,-1.2783975290736787,-0.9421683125410787,0.0004314669479938463,-0.0004901745369509266,-0.0003856069257817279,0.5392987376758092,0.4623220873812639,0.26184448880097744,0.6533395922070425,-0.0005381425970353132,-0.0003159499199224048,0.0014952239283201872
224,0.7258389787775954,-1.0388765704190575,-0.05604081518740278,-0.0009751617450945944,-0.0002753237418546197,-0.0003145165726838988,0.21611920391332115,0.26084963209252865,0.8075026336060914,0.4828969412372491,-0.0004527801480914864,0.001586767600649598,0.0004759122323832166
225,-1.1441026555873965,-1.2102302461382919,0.7007103688419929,0.00019805968083022444,-0.00011984509095986165,-0.0005475378361661867,0.29195139242628637,0.47005944499709046,0.5293554435980744,0.6431106568565519,-0.0010452116439875283,-0.001448016438633533,-5.363992205859882e-05
226,-0.3477735118933545,-1.1266006965296338,1.308660641919515,0.00033579414157416596,-9.879805422393576e-05,0.0006650240754966729,0.73318319925089,0.5991006380714619,0.053004272770953306,0.31735054571659327,-0.00019415784522852468,-0.0002349242698401954,0.000645320617070276
227,-0.012306616493873879,-0.42626134652251224,1.0000471950914265,-5.531475139494723e-05,-0.0001192839942470358,-0.00045743634810045425,0.6356353998651884,0.44967690042094766,0.5337923760025366,0.3298848632289723,0.0005694876465312851,0.001663590744479445,-0.0010493480406889057
228,0.5322348858695451,0.6117078931823308,-1.290670633507546,-0.000981600398643052,-0.000681637382402986,0.000920578824422313,0.7803449963223136,0.057257005396115286,0.6156171809264175,0.09380196477690828,0.0016164522193551551,0.0014414751052217322,-0.0005681342823340573
229,-0.18727738869069244,-1.1067324399307132,0.3450917722133777,-0.0008865841880041765,0.0003895881722410124,-0.00013947039367771688,0.6472509161590211,0.43063004179534997,0.6162802859445885,0.12578802721522953,-0.00139059200894869,0.0017325938328117104,-0.0008781789627015763
230,-0.2221865377215002,0.2652069025306054,-0.9724931943237882,0.00047412970777446556,9.752622762700136e-05,-0.0006719923733497722,0.3978308322158341,0.41361493181864434,0.5921776395272668,0.5656668280525469,0.0017571654965759667,-0.0006933874566123254,0.0014525051155106746
231,1.4587373977861051,0.2594599643682689,0.4222878961911096,0.0006828460462631886,-5.585391615686632e-05,-0.0004271217013092981,0.11574088123333792,0.6400054931258792,0.5946487811441338,0.4726413484491455,0.000361195132896174,0.0009741207157539923,0.00044676695216293305
232,0.7264699507953973,-1.365281524045017,-1.0732631797850094,0.0008432859705454975,0.00015426191368492844,0.0005946886340340201,0.47695187621734686,0.09757010587850437,0.6904085531710212,0.535100936197936,8.705219478397737e-05,0.0006196800579049426,0.0016422027906329091
233,-0.4018930226383195,-1.2373103385473252,0.4066938712677124,-0.0003485099076546811,-0.0007538123062044858,-0.00014344812665531472,0.06953439054597274,0.7835807018152807,0.6158034036787622,0.044186200240841425,2.2570625387101882e-05,-0.0015942416776889498,0.001597557046933244
234,0.780696174680342,1.03774036117844,-1.2220371995618287,-0.0003815632334607129,0.0002818900352755838,0.00010588831390592876,0.656106171020391,0.47474729202932514,0.5500318949295455,0.20397209519931234,-0.0018282741320812192,-0.0005706512881015597,-0.0015212020156260442
235,-1.3662573041651518,-0.4311767547909544,-0.7105169955457541,0.0008426017891745711,0.0002624388903783091,-0.0004974354350980703,0.8038265016337292,0.029971226621108613,0.44225092597389987,0.39670996876979875,0.0008029024342462799,-0.0012333443218352858,0.0012991247042814773
236,-1.1079428927802266,-0.9218967513468382,0.7998928543930246,0.00027829165180075894,-0.0004793786487923792,-0.0006333498909813078,0.7022740677748536,0.04601545294016188,0.1204084056622541,0.7001396486898497,0.0008472261605052471,-0.001021572051626818,-9.388425853297609e-05
237,0.5928943019766271,-0.7625021259747089,0.19401038245686952,-0.0003186038949776549,0.00031130538072137565,0.00020831137602592663,0.7339855480569089,0.1854979278030471,0.10471486053808057,0.6448957528212332,7.017149423779474e-05,0.0007561272054591845,0.0017077281716591274
238,-1.114904292665512,-0.7845617922761974,0.06127935437660614,3.631882314709457e-05,0.0005487414676792687,-0.0006381550086418724,0.3167173376563505,0.32662299040143034,0.8749664062036739,0.16565427306329228,0.0015224711562680277,0.001538375887694403,-0.0010952307502607454
239,-0.07259665301250684,-0.6877897653221663,-1.467728854770434,-0.0008244834052733519,0.0005057289586507029,3.1585237632960174e-05,0.6624617353243778,0.47489687381781576,0.5041781076462744,0.28534513179534265,-0.0008010629989833561,0.00013582408389715625,0.0018538931458985455
240,-0.8425618027868986,0.36788693477207657,1.2736724326954727,-6.0025923810936395e-05,-0.0006670077718653115,-0.0005772254284754014,0.5837380663703701,0.7646125961287185,0.15420440546823938,0.22547383228585402,0.0007336667259438758,-0.0010915592458123613,-0.0006173137169979074
241,0.606213717852329,0.8113906221071892,1.4487030445112792,-9.163334884678353e-05,-0.00042132028699620543,-0.00032800175349289586,0.9331682393997005,0.24992728534529712,0.07585323989838243,0.24694063054206397,-0.0015867343215232581,-0.000789586769451974,0.0006413120209594649
242,-0.5847677359020372,-0.2289250878410356,0.5781142372382861,-0.0007829751310403766,-0.0009606994316612856,-9.857575778967199e-05,0.5074432796155338,0.5315928185729161,0.49386813336148705,0.46476301494931177,0.0010194540425440147,-0.001091830038362768,0.00014565257207210108
243,0.03824554927271917,-1.4686907855668196,0.17042655658728711,-0.0008587193466462299,0.0005903323879158978,-0.000858052930343254,0.7611415098144089,0.3654556927876593,0.5327881164968722,0.05694349450331815,-0.0001884523466123937,0.0002402360827408025,0.0001233144674470557
244,-0.43002189127334445,0.8451195394718605,-1.2847790308906035,-0.00019864374599243772,-0.00032602128950018035,-0.000947029152523972,0.49955463123513544,0.3876980536401826,0.719740174307827,0.28654750234905324,0.0003972347090431664,-0.0016915230117821576,-0.00012058659876729703
245,-1.0203961728664024,-0.7015793676699962,0.7401873130613068,-0.0006531845208343907,-0.0005599191616973071,-0.0009235870066578122,0.19234751881848325,0.6219496786740596,0.5135126944062556,0.5590042413839404,0.001330399977446143,-0.001753385518795848,-0.0004062601488969992
246,0.7982482529495836,0.6063459321483351,-0.19380711979056553,-0.00016525196725712752,-2.2789233848772e-05,0.00011131657153693993,0.8366824774196969,0.5361065542805549,0.07482166428586069,0.08339012525331214,-0.0005832011507555905,0.001467596907479282,-0.0018009186438364844
247,-0.8285981182670012,1.4387610860307798,0.44027622391430965,0.0003806203720862005,-7.791980059038389e-05,-0.00026016945819637915,0.4934051255884729,0.744576960799624,0.41219325249794797,0.1795919098528135,-0.001919516484728268,-0.0016528499759287084,0.001820034986614091
248,0.7394262734101575,-1.4008483704812629,-0.9378234493522789,0.00019780662855604946,-0.0009757114212066185,0.0005241980360703217,0.603618510696989,0.6513843758480409,0.45725980088728974,0.047503293964981694,-0.0014771177619492468,-0.0015320461404854666,0.0017979092560608712
249,1.0618444693058864,1.0941233475497216,0.4322523124152693,-0.00041589509440380715,-0.0002506417305748654,0.0008508802438754184,0.3120198766289357,0.002819256584342603,0.04768535986903328,0.9488739404341,0.0017596090047119002,0.0019473743019275298,0.0018832811890282437
250,-0.09662263180876529,-0.7794656816381678,-0.5991217563094053,-0.0008482174988371756,0.0008975398233990026,-0.00047128991804401446,0.23118140858807096,0.5556211296989949,0.653334889896729,0.4593406559394421,-0.001563811652157455,0.0018553357783200651,-0.0016933681143806872
251,0.8996097458914578,-0.20779091315322273,-0.19831931758423016,4.7044946605441377e-05,-0.0004322744392694644,-0.0005000524224737985,0.7606494564420949,0.2293344925427052,0.15023649301118602,0.5884276430558182,0.0002870060582524916,-0.0019606510152331918,0.0006702112700512895
252,0.49692106988064255,1.3573650863530298,1.0142622483932904,0.0001336896822231163,-0.0007233682992954403,0.0009710824040952979,0.4154752437753551,0.06212193717275442,0.3978480377234981,0.8156213126269297,0.0017254391898763577,-0.00032962448687679294,-0.001938557526009102
253,0.9622246808796411,-0.6884423884985134,-0.44220585172781224,-0.0008919478209395202,0.0006390551026089078,0.00012540310226208167,0.607491567079909,0.23934399696817343,0.5525384645333483,0.5180441026140779,-0.0014836637549129946,0.001566108602665235,0.00046286309586177207
254,-0.07418629769537288,0.12515851754489726,-1.2559446259484366,-0.0005684823030211012,-0.000500466282035398,0.0004381734174112085,0.015835024431902434,0.1795903943432004,0.23153246290161192,0.9559755545429017,0.00021275296128314952,-0.000921271992034105,-0.0018284979002783398
255,0.08650902483490741,1.2411271856148427,1.3984489801313127,-0.00010459162325414547,-0.0002545308804752449,0.00010030160343452101,0.35343796592493976,0.8480064357302168,0.3876224019151773,0.07560134083786872,0.0016764387600880764,-0.0011184709251826595,-0.0006699102085947785
256,1.1050696766341535,-0.6565745050504355,0.19922300301990203,0.00043891761878334275,0.00043284085754433815,0.0006524713520647254,0.4610520165987475,0.3858646965540377,0.7809035443424382,0.1694966913450126,0.00024219057447046922,-0.00101440064642141,-0.00017434897909462998
257,0.2664667356933963,-0.1425705963761894,1.485243721250518,0.00018222588291074522,-0.0003790639707695638,0.00059146453435904,0.0980957183930569,0.6359266522472278,0.3946559893599846,0.655912473625007,-0.0008824605917447225,-9.543605540595409e-06,-0.0019641765098431995
258,0.3602955772523109,-0.16688130588207883,0.5675517736431965,-0.0005404503008715038,-0.0009912244839806095,0.00020602362908982087,0.6879697314601054,0.3586749496836166,0.5645234246603937,0.28171480627376727,-0.00029595173523747054,-0.00018989375355665935,-0.0006520095696263732
259,-0.03304578842424388,-1.3464766989959296,-0.5626393126613712,-0.00024427877330166533,-0.00021921730265037325,-0.00025111012293249255,0.35985079273220305,0.515744326569618,0.3774893209110053,0.6797183307660639,0.0019456613651158364,-0.0015003901569432686,-0.0002238374428125071
260,-1.4025620032029327,0.6368133978191892,-0.7976655443321099,-0.0007086172924854685,0.00015851329277945876,0.0008995922379563491,0.23221573835964382,0.8054989089348055,0.5212521363208433,0.1598235556602359,-0.001092186877759214,0.0012836808272340535,-0.001576215240548634
261,0.5914588074613789,-0.8364761811997866,-1.281608050638913,-0.0007377408990794088,-0.0003556357218038673,-0.0007167519060157926,0.01153882081533726,0.46684819207944395,0.8710348715181923,0.15237412433097905,-0.00022320943425901702,-0.001281228598069286,-0.0015432897394591595
262,-1.3171203521010169,-1.2769348559184215,0.5042882926149299,0.0009850070839329196,-0.0009028689491197067,0.00029045697632741857,0.664882823462317,0.022515279881316002,0.4985350772870847,0.5557757371017594,-0.0010686153070671106,-0.001208015204774281,0.0015353817473542863
263,-0.7368585388096495,0.2554929658444378,-0.09026997858799302,0.0005366597399895706,-0.0007784160469769102,-5.0109719022125806e-05,0.11893905056419331,0.09737728106587233,0.690805885866889,0.7065114262591717,0.0005502311026975822,-0.00017203182521438793,0.00010235194303845688
264,-0.6377137188906492,1.0900199807879796,-0.042621684245370606,-0.0001291362674869156,-0.0006876238652410275,-0.0007197011064375251,0.12860444950195746,0.11778253208356261,0.9422142517707084,0.286042784325085,-0.001275230898841063,0.0011198186913305903,0.00018657741818786915
265,-0.7293386404935658,-0.41116296054884227,-0.5182994320068037,0.0007578985717805581,-0.0008233348190693981,-0.0004191574640154238,0.0002831908803316134,0.9555093597820031,0.2949005597398974,0.005953405496616593,-0.0002610683983079057,-0.0008192477464487404,0.0014772187020157222
266,0.490147664469041,-1.1423640311973653,-0.6218641051136692,-0.0009454817301681112,0.00011825071633938308,0.0007437648224667833,0.7837248389711942,0.33497944917876527,0.5210093903569218,0.04597130156277243,-0.0004333405115462194,0.0014839355297268093,0.0016559084194778572
267,0.6250133951801047,-1.455563001220229,0.826995544589983,0.0007489291265783183,0.00033343831448819734,9.937895310965284e-05,0.4719185182500024,0.6554156397880563,0.3758794991457111,0.454354325803006,0.001816264538482821,0.0011425999329514594,0.00014183417473397162
268,-1.2552345868729575,0.6307093305587044,-0.9034902956590992,-0.00026772295093039885,0.0007465769732098297,0.000730148986536652,0.6026538150153563,0.580648761327138,0.0353277624485869,0.5462667337638941,0.000757174482381922,0.0013142921820726064,0.0012527203779487562
269,-0.6476915456764147,-0.15673294488652156,-0.9754191527118536,-0.0004929998729148841,-0.0008677394282194973,0.00015168348713530508,0.851397200988342,0.5020494628088006,0.14521501545986287,0.04451676456800547,-0.000311939438631319,0.0005960576798161193,-0.001950168690196512
270,0.37873351623802387,0.07496512585720216,-0.0017281204718604393,-0.00011471157383814191,0.0008472767798269778,-0.0008824281231074199,0.6179168531762718,0.641166366654404,0.17981065797525012,0.4180341853370749,0.001765004553724566,0.0008028604078616367,0.0015685543108949415
271,1.31165806776426,1.4602378286457642,0.6305279199163194,-0.0001189335373163431,-0.00034712353232087766,-0.0002842467268247095,0.48658330369296704,0.5751015905840319,0.37849547420164087,0.5378066800290133,-0.0018650685566850142,-0.0008462335290200088,0.0004261565357500945
272,1.3186037082383257,-1.4494333638974664,0.04322787833219044,-0.0005296537795861712,0.0006865732574814233,-0.000341197349406497,0.2451929510479464,0.20043130512111487,0.5735767353950303,0.7554584285699809,-0.000818374682830827,0.0017796608419120442,0.0012064768704824432
273,1.2883038093327035,1.2149356699550964,-1.3441786426110802,0.0007402179441619793,0.00017992719466076545,-0.0006114170406042753,0.04160451302949455,0.32763671272523703,0.07056784827894434,0.9412456787467653,-0.001517555434577755,-0.0011900115061952699,-5.216960464422566e-06
274,-1.047074433179274,0.4387346383931665,1.2790282887465363,0.0006930151441994184,-0.0009026728144460848,0.0008829727019982446,0.47301526979896225,0.5964777320138167,0.6449285474011188,0.06736496489831521,-0.00015302754151841173,-0.0016798644484804716,0.0011657000558448769
275,-0.643098582394306,0.9838172260391698,1.1569004282508635,0.00031046247500886455,-0.0001964869736168182,-0.0007363537439145072,0.472779308495884,0.685989254452355,0.04277389409725979,0.5514243939270481,-0.0001931091749123497,-0.0007252955559992368,0.0016297217501312447
276,1.215014826188447,-0.30309894629529643,-0.44043468447397505,0.0005894036626144016,0.0005275357459881105,-0.00041871296997280586,0.3221562372176942,0.352079000791831,0.17947657128636343,0.8602580405799493,0.0014221064168240117,-0.0004699475096028242,0.0017181797657451862
277,-0.8994671160161003,-1.404123551815439,0.3647263532839502,0.0004193031419802396,0.0001165162222996625,0.00010975438879048754,0.7771191353492841,0.12076097960949335,0.5132475960041504,0.3436270368782077,0.0012537892209181418,-0.0007082458040008209,0.0007932563743361502
278,0.11691852814148396,1.0482732005092896,-0.21091523885568497,-0.0008068499232611766,0.00032267114399831963,-0.00018895000496499902,0.30339318186607417,0.34534191255987773,0.5377673865506009,0.7067515678010214,0.0013704890748269883,-0.0006906233772685532,0.0003810061871540641
279,-0.20400567001130643,0.08696377862129401,-0.06053067710152171,-0.00013491608261532214,-0.0002799890736399233,-0.00018766345592017392,0.9195894477270274,0.07086031503727735,0.033798875174654255,0.3849567500627139,-0.0005021116005759639,0.0012334964462167074,0.001724573560118901
280,-1.3527864194426242,-0.162551827934049,-1.2780476504824563,-0.00026676363263347885,-0.00029148049127600446,-0.000726224336006714,0.5182548535942973,0.3773698281794861,0.71506548113405,0.2787207871621134,0.0015797491758965851,0.0002866106782812559,7.022862712291727e-05
281,0.6046134070195053,1.3974137467691348,-0.7168325014584519,0.00039116398281730425,0.0008501393944582065,-0.00027392216873107914,0.6713939770739813,0.6778999562060468,0.17447304119632423,0.24339460721291237,-0.0016374602433541178,-0.0018856633445736063,-0.00020727281585755414
282,0.6940783655782785,1.4245630598636576,1.3662318583024091,0.0008315828656026388,0.0008543142400129502,0.00043038748557039136,0.47129090590552525,0.20218949460992966,0.5430618824697121,0.6648970462324097,0.0013450942942202747,0.000681414054250316,-0.0009483175979362298
283,-0.25381345825288504,0.17264986659107073,-0.2778569717941233,7.691806156596352e-05,-3.8117527415541634e-05,9.914697674284724e-05,0.7456826864510682,0.3597267626494613,0.365395055002474,0.42548847356960773,0.0019060482756941177,0.0007459300954600931,0.0005069003428810033
284,-0.31928773870324445,-0.35583870366221926,-0.21658012118007464,-0.0009803769595613846,-0.0008281892969091742,-0.0003229811231361692,0.49025079211075434,0.32504715227001363,0.1713664340233073,0.7903366718848797,-0.000592385449935489,0.0002188748377699194,0.0015432173895336414
285,0.30822409329245826,1.2927323052464752,-0.7921945878750262,-0.0005541784000244626,-0.0004729673890842075,-0.00017234210876400846,0.05609319126693621,0.9857143493244487,0.09500256912214419,0.1272607059919199,0.00131851671597799,0.0012265978910845445,-0.0005381217498461885
286,-1.483328543453644,-0.812594366086204,-0.38401342769672486,-0.0005849921882243414,0.0002145455554027544,-0.00037730812743635815,0.3292783754447138,0.33482112081282134,0.7084633866555324,0.5268303315970994,0.0009885034984058526,-7.34176677596259e-05,-0.0011972523998186144
287,0.1198484084743554,-1.405974023014501,0.2690342809261108,-0.00029872719607474015,0.0005568351914386487,-0.0009129117374926879,0.5042309280383839,0.5941920018114084,0.15392865619854665,0.6074479442666763,-0.0011514169300662794,0.0007496010664740545,0.0012269204532010924
288,-0.377566744638008,-0.357361575788925,-0.17223715230090564,0.0003395406126110985,-0.0007050806362502036,-0.00022508856265492745,0.5742726021988701,0.44151997995203435,0.1633860085612608,0.66975823837659,-0.0006930019295510682,0.0019995943607090646,-0.0015719751084657778
289,0.464521609340081,-0.9088957480099398,0.339512184766124,-3.514253032016576e-05,-0.0002998486238587521,0.0005490672399500124,0.1753364138309422,0.7813926181981484,0.5968820167110612,0.049138338772120475,-0.00033205938861376964,0.001960241810655872,0.0013227813587501015
290,0.044853977142857104,-1.2058960989567202,-0.5903960627894637,0.00046266028605544836,-0.0006268648021958252,-0.0002866272065990663,0.22559269442754232,0.4608763098437819,0.6175642668199585,0.5960833327587904,-0.0009318241245210616,-0.0008040418507300484,-0.000897307270501607
291,0.4210657083549978,0.7926051753055638,0.6764466635974946,-0.0007363335621386284,0.0004659251506329604,-0.0005841148336497225,0.8270294241179245,0.5284279120098985,0.1800896797817025,0.06598470040969509,0.0017540471871802235,0.0007419410141890673,-0.0006544768281314451
292,0.0066982433258808705,-0.3623636537812458,-0.01293147679577511,-0.0006411524072361403,-0.0003042299907346722,-5.518459550001812e-05,0.6056510730123038,0.6446763782410668,0.40599831784824114,0.22966173168689752,-0.0005402651603151948,0.0019502631366480113,-2.3745066028978655e-05
293,0.7955831591573568,0.04816832052677045,-0.8754615177341266,0.0004981858302996267,-0.0003255927302529102,0.0002760986578759187,0.2438159769965633,0.352664172795445,0.842634027068274,0.32580614944230113,-0.001826230013264679,0.001394137113147597,-0.0008832339823093499
294,1.4135775783305102,0.8315433007826427,1.0223181733164761,-0.0008552415965209985,5.985181938997501e-05,-0.0008574588963992602,0.9309177022771172,0.03222631505936631,0.1490012523627813,0.3318920351546712,-0.0018704870803510293,0.0009414127965740775,0.0018576097089493303
295,0.43036329028847486,-1.1641690321634717,-0.12864360077866888,-0.0001703331485175696,0.00026176801403792653,-0.0008548361373992593,0.2728844891131192,0.6213008490835541,0.6302674054329925,0.37720327169616474,0.0017751706901458961,0.001972413247146418,-0.0010697056740105134
296,0.3991091952146324,-0.39946007983949094,-0.6184717687135213,0.0007811192655476438,0.000707520688129968,-0.0008454570073067153,0.6245577609440481,0.4702126790751021,0.3990703933757702,0.4791351174903381,0.0012901613109163445,-3.4160570668347306e-05,-0.0012026977264852651
297,-0.8563385682675416,-1.0221016828955665,-0.8446425413659968,-0.000620810705713112,0.0002461162522097405,-0.0008335664499212594,0.007874361381941314,0.5805358517282055,0.6290742356025724,0.5168962423853292,-0.0018120753449371173,2.2619465567393863e-05,0.001307373638571137
298,-1.4072587859044368,-0.7997697816528906,1.4344452153230263,0.0002622040709386144,-0.0003476777638489459,0.000987590032900092,0.681207623207664,0.5527494694554933,0.035479726915893975,0.47871221738995673,0.0011586719493569394,0.0019524567448243532,-0.0002570009301189357
299,-0.0387039914392191,0.9087929799631196,-1.4993072007292583,-0.0007840771386961138,-9.345784297213559e-05,-0.0006328283660994511,0.5541430806724859,0.4271700027045269,0.5120048125744315,0.49829941484296636,-3.590513943967826e-05,0.0015179918501069113,0.0003672431064491669
